generated_text,reference_text,AudioSNR_score,AudioSNR_passed,AudioSpectrogramDistance_score,AudioSpectrogramDistance_passed
"[-0.01108728  0.0207015  -0.00122704 ... -0.44323924 -0.440261
 -0.29159454]","[ 0.0000000e+00  1.3359821e-04  5.1765732e-04 ... -4.5599580e-01
 -4.4840094e-01 -2.8955910e-01]",0.8029499053955078,True,0.9629260897636414,True
"[-0.08717381  0.03564178 -0.08740235 ... -0.39055693 -0.3638892
 -0.2132218 ]","[ 0.0000000e+00  1.3359821e-04  5.1765732e-04 ... -4.5599580e-01
 -4.4840094e-01 -2.8955910e-01]",0.2907404601573944,False,0.700669527053833,False
"[ 0.02656138 -0.00617396  0.00300945 ... -0.3486681  -0.30559385
 -0.26997826]","[ 0.0000000e+00  1.3359821e-04  5.1765732e-04 ... -4.5599580e-01
 -4.4840094e-01 -2.8955910e-01]",0.29919469356536865,False,0.5388880372047424,False
"[ 0.0000000e+00  7.1540228e-05  2.7959468e-04 ... -1.6385950e-01
 -1.1345657e-01 -5.8046062e-02]","[ 0.0000000e+00  1.3359821e-04  5.1765732e-04 ... -4.5599580e-01
 -4.4840094e-01 -2.8955910e-01]",0.3060557246208191,False,0.2644311189651489,False
