pipeline,ROUGE_rougeL,BERTScore_f1,PlanningLCS,PlanningJaccard,TimeSeriesDTW
pipeline_A,1.0,0.9999999602635702,1.0,1.0,1.0
pipeline_B,0.19002819722244182,0.598980446656545,0.09523809523809523,0.08333333333333333,0.12186379928315412
pipeline_C,0.22175588639003274,0.6134409705797831,0.1369047619047619,0.11666666666666665,0.3669871794871795
